user_id,email,username,password,account_created,first_name,last_name
1,mbaal0@photobucket.com,mbaal0,1820E~,4/25/25,Mortie,Baal
2,bmonkton1@theguardian.com,bmonkton1,7284L1B,4/24/25,Bertrand,Monkton
3,eneillans2@123-reg.co.uk,eneillans2,9445Mr,4/21/25,Emory,Neillans
4,mgosford3@phpbb.com,mgosford3,"4311yk,Q",4/23/25,Melisandra,Gosford
5,mmacrierie4@slideshare.net,mmacrierie4,5487X,4/24/25,Mela,MacRierie
6,jwratten5@tumblr.com,jwratten5,0268d,4/23/25,Jonell,Wratten
7,aedmonds6@phpbb.com,aedmonds6,3397q,4/22/25,Agna,Edmonds
8,btegler7@simplemachines.org,btegler7,1583R,4/24/25,Blisse,Tegler
9,aaffron8@hugedomains.com,aaffron8,9214d,4/23/25,Adolphus,Affron
10,djuppe9@chron.com,djuppe9,"2994BY,<",4/21/25,Dana,Juppe
11,bmonkton1@theguardian.com,mmacrierie4,9445Mr,4/24/25,John,Bush
12,eneillans2@123-reg.co.uk,jwratten5,"4311yk,Q",4/21/25,Jane,Doe
13,mgosford3@phpbb.com,aedmonds6,5487X,4/23/25,Jimmy,Recard
14,mmacrierie4@slideshare.net,btegler7,0268d,4/24/25,Sarah,Ant
15,jwratten5@tumblr.com,mmacrierie4,3397q,4/23/25,Annie,Shoe
16,aedmonds6@phpbb.com,jwratten5,1583R,4/22/25,Cole,Basil
17,btegler7@simplemachines.org,aedmonds6,9214d,4/24/25,Adam,Stan
18,bmonkton1@theguardian.com,btegler7,9445Mr,4/23/25,Kieran,Schutt
19,eneillans2@123-reg.co.uk,mmacrierie4,"4311yk,Q",4/24/25,Sydney,Haber
20,mgosford3@phpbb.com,jwratten5,5487X,4/21/25,Wonka,Chonka
21,mmacrierie4@slideshare.net,aedmonds6,0268d,4/23/25,Chilldog,Roy
22,jwratten5@tumblr.com,btegler7,3397q,4/24/25,Bozo,Clown
,,,,,,
,,,,,,
,,,,,,
,,,,,,